Account_Name,From_Date,NICSI_Manager,PI_Amt,PI_Date,PI_Number,PI_Owner,PI_Status,PO_Date,Project_No,Reference_Number,Remark,To_Date,Traffic
TestAccount,23/12/2020,NICSI Manager,5000,23/12/2020,PI012,Owner,2,,11,AS323214,Remarks,24/12/2020,Traffic
Aravinth,2020-12-23,Kumaran,220,2020-12-23T18:30:00.000Z,32423,Kumar,0,,11,32423,testing,2020-12-24,32423
Aravinth,2020-12-24,Rajesh,2202,2020-12-23T18:30:00.000Z,324,Kumaran,0,,11,3424,testing,2020-12-25,3424
ridan,25/12/2020,Arul,10500,24/12/2020,2089,Arul,0,,11,5670,testing,2020-12-31,1000
Arulauth,20/01/2021,test,50000,05/01/2021,1234567,Test,0,,11,123456,test,30/01/2021,5000
,,,,,,,0,,11,,,,
TestPIAcc,21/01/2021,manager,9789,21/02/2020,PI2343,Owner,2,21/02/2021,P98988,REF2341,remark,21/02/2021,99
TestPIAcc,21/01/2021,manager,9789,21/02/2020,PI2343,Owner,2,21/02/2021,P989883,REF2341,remark,21/02/2021,99
,26/01/2021,dsfsdf,24,25/01/2021,,,0,,,,3242ddsf,26/01/2021,
Guru moorthi,25/01/2021,Balashankar,1000,25/01/2021,15000,Raj,0,,,1000,testing,26/01/2021,100
Arula Giri M,2021-01-25T00:00:00.000Z,,15000,,50002,,0,,,,testing,2021-01-28T00:00:00.000Z,
balashankar R,2021-01-26T00:00:00.000Z,,10000,,5004,,0,,,,testing,2021-01-29T00:00:00.000Z,
balashankar,2021-01-26T00:00:00.000Z,,10000,,5004,,0,,,,testing,2021-01-29T00:00:00.000Z,
Raja Rathinam M,2021-01-25T00:00:00.000Z,,1000,,23432,,0,,,,testing,2021-01-29T00:00:00.000Z,
Karthik  R,2021-01-26T00:00:00.000Z,,10000,,4234,,0,,,,testing,2021-01-29T00:00:00.000Z,
Naveen R,2021-01-25T00:00:00.000Z,Gurur,15000,2021-01-25T00:00:00.000Z,3243,Bala,1,,,3242,testing,2021-01-27T00:00:00.000Z,1000
Gunam R,2021-01-26T00:00:00.000Z,Tester,15000,2021-01-25T00:00:00.000Z,3423,Ankit,0,,,324,testing,2021-01-28T00:00:00.000Z,10000
RajaN R,2021-01-26T00:00:00.000Z,vsdfs,34235,2021-01-25T00:00:00.000Z,3245,ddsfs,1,,,24543,dfsdf,2021-01-29T00:00:00.000Z,45345
Udhayanidhi m,2021-01-26T00:00:00.000Z,Rajan,15000,2021-01-25T00:00:00.000Z,5003,Cheliyan,0,,,45423,testing,2021-01-31T00:00:00.000Z,1000
Arun Thangaraj R,26/01/2021,5,15000,31/01/2021,5003,Raj Vignesh,2,,,5345,testing,29/01/2021,1000
Arun Kumar,26/01/2021,Krishna Kumar,15000,26/01/2021,3242,Guru Mohan,0,,,5453,testing,30/01/2021,2300
Saikumar,29/01/2021,Krishna Kumar,9878,26/01/2021,779,Arun kumar,1,,,8789,Remark,29/01/2021,8989
boomiProforma,28/01/2021,1,150000,28/01/2021,123456789012345,boomi,0,,,123456789012345,ok,28/02/2021,2000
boominathanboominathanboominathanboominathanboomin,,boominathanboominathanboominathanboominathanboomin,123456789012,,123456789012343,boominathanboominathanboominathanboominathanboomin,1,,,665489848484894,boominathanboominathanboominathanboominathanboomin,,123456789012345
Boomi,29/01/2021,1,450000,29/01/2021,646889987,boomi12,0,,,89987897,ok2,29/01/2021,25000
boomi,29/01/2021,vinod.agrawal@nic.in,45000,29/01/2021,2165464654,boomi,0,,,564654564564,ok,29/01/2021,4500
Arul Prakash,29/01/2021,Guru Moorthi,15000,29/01/2021,4534,Kumar,0,,,53453,dfsd,30/01/2021,1000
,,,,,,,0,,,,,,
Aryn Kumar,29/01/2021,Raja,10000,29/01/2021,342,Rajesh,2,,,34234,testsing,29/01/2021,1000
Arul Kumar S,29/01/2021,Rajan,10000,29/01/2021,45344534,Guru Nathan R,0,,,4534435,testing,30/01/2021,1000
Arul Nithi,30/01/2021,Mohan,15000,29/01/2021,6876876,Rajan,0,,,968768,testing,30/01/2021,10000
Guru Nithin,06/01/2021,Mohan,1500,29/01/2021,76888,Raja Rathinam,0,,,68565,testing,23/01/2021,1000
Ravi Varman,29/01/2021,Durai Samy,15000,29/01/2021,8796,Rajeshwaran,0,,,98798,testing,30/01/2021,1000
RajeshWaran,30/01/2021,Guru Moorthi,15000,29/01/2021,79767,Rajesh Kannan,0,,,4534,testing,31/01/2021,10000
Krishna Kumar,29/01/2021,testing ,15000,29/01/2021,76865,Ridan,1,,,876767,testing,30/01/2021,10000
Senthamarai,30/01/2021,Kumaran,15000,30/01/2021,3242235,Rajesh waran,0,,,43225,testing,31/01/2021,20000
vermaauth,29/01/2021,Rahul,200000,29/01/2021,4124545,Ravi,1,,,4546454,  Testingfffffffffffffffffffffffffffffffffffffffffffffffffffffffffffffffffffffffffffffffffffffffffffffffffffffffffffffffffff,31/03/2021,50000
boomi,06/02/2021,boomi,45000,30/01/2021,5465456465,boomi,0,,,4545646545,ok,06/02/2021,400
Arul Nathan,30/01/2021,Guru Moothi,10000,29/01/2021,2532,ldkfd,0,,,4254,testing,31/01/2021,1000
Guru Nathan,30/01/2021,Rajeshwaran,15000,30/01/2021,3423,Arulan Giri,0,,,2323,testing,31/01/2021,1000
Raja Manikam,30/01/2021,Rajeshwaran,15000,30/01/2021,43232,Krishna Kumar,0,,,2523,testing,31/01/2021,10000
Arula giri,30/01/2021,Arun Kumar,1500,30/01/2021,3256,Raja Murugan,1,,,3242,testing,28/02/2021,1000
Ramesh,30/01/2021,Raju Vargese,15000,30/01/2021,45976,Krishna,0,,,4538,testing,31/01/2021,1000
Thanga Rasu,31/01/2021,Raja Guru,1000,30/01/2021,15000,Ashok,0,,,1055,testing,31/01/2021,1000
Raj Karan,30/01/2021,Rajesh,50000,30/01/2021,45344,Guru Moorthi,0,,,25252,testing,31/01/2021,10000
Boomi,30/01/2021,BooomiNICSI Manager,450000,30/01/2021,46546545465,boomi,0,,,564654654,ok,30/01/2021,2000
Verma,30/01/2021,Rajeshwaran,150000,30/01/2021,87687,Arun,1,,,8856,testing,31/01/2021,42352
Verma,30/01/2021,tester,15000,30/01/2021,87976785,Raju,0,,,856454,testing,31/01/2021,4235
Verma,30/01/2021,gdfgd,15000,29/01/2021,3423,sfdsdf,0,,,23432,dfgfd,31/01/2021,3225
AksJAn31,31/01/2021,1,10,31/01/2021,777,Akshaya,0,,,777,PO_AKshaya,05/02/2021,10
Testname,02/02/2021,NICSI manager,150000,02/02/2021,45681264,Testname ,2,,,8462423,Testing remark. Testing remark. Testing remark. Testing remark. Testing remark. Testing remark. Testing remark. Testing remark. Testing remark. Testing remark. Testing remark. Testing remark.,31/03/2021,50000
febtwo,02/02/2021,Arul nathan,15000,01/02/2021,4534,Sathish,0,,,43534,testing,28/02/2021,1000
febtwo,01/02/2021,Guru Nithin,15000,01/02/2021,21897,Rajesh,0,,,3453,testing,26/02/2021,1000
febtwo,02/02/2021,Arun Kumar R,15000,26/02/2021,4534534,Arun Kumar S,0,,,34534,testing,28/02/2021,1000
demoUser,2323,kk,30020,12/02/2020,3321,jk,2,14/02/2020,11,12134,thanks,26/02/2021,23
febtwo,02/02/2021,Rajan,2324,19/02/2021,344,dsfsd,1,,,44345,testing,27/02/2021,1000
Karthikeyan,02/02/2021,dsfsd,10000,20/02/2021,45453,Testing,1,,,534,testing,27/02/2021,1000
Karthikeyan,02/02/2021,Rajan,1000,01/02/2021,4534,xgdf,2,,,45345,testing,24/02/2021,100
Boomina,01/02/2021,3,45000,01/02/2021,4684564564,BOOMI,1,,,51684684,ok,01/02/2021,500
Boomina,01/02/2021,BoomiNICSIManagerr,3239999,01/02/2021,65464848964,boomiOwner,0,,,68486484,ok,01/02/2021,498734
ffvf,02/02/2021,gxhfgh,564545,02/02/2021,54654,xnx,0,,,457547,fghf,27/02/2021,64564
ffvf,03/02/2021,fggj,567,25/02/2021,54,jhjgh,0,,,67567,hjdgj,24/02/2021,567567
Boomi11,02/02/2021,1,55464,02/02/2021,65456456456,boomi,0,,,654654564,ok,02/02/2021,64654
Nishchinth,,,50000,,12365478,Nishchinth,2,,,12365478,Test,,
Nishchinth,,,50000,31,12365478,Nishchinth,2,02/02/2021,11111111,12365478,Test,,
febone,01/02/2021,aaa,555,02/02/2021,555,aaa,1,,,555,555,02/02/2021,555
Boomi11,03/02/2021,BOOMI,4500,03/02/2021,54964,BOOMI,0,,,9849848,OKff,03/02/2021,60
Rajan,03/02/2021,Arun Kumar,1000,03/02/2021,3455,Testing,0,,,4534,testing,27/02/2021,100
Kumaresh,03/02/2021,1,2500,03/02/2021,556464,Boomi,0,,,78989798,ok,03/02/2021,200